CLASS,CLASS_CODE,NAME,SECTOR,RES_CNT,DWELL_CNT,OWNSHP_CNT,SING_FAMLY,DUPLEX,MULTI_PLEX,APARTMENT,TOWN_HOUSE,MALE_CNT,FEMALE_CNT,MF_20_24,MF_25_34,MF_35_44,MF_45_54
Residential,1,LEGACY,SOUTH,6420,2766,1826,1081,356,14,1004,311,3125,3283,418,1518,1204,724
Residential,1,HIGHLAND PARK,CENTRE,3838,2277,645,823,402,45,520,24,1986,1846,217,777,798,485
Residential,1,CORNERSTONE,NORTHEAST,2648,1285,708,595,264,69,219,128,1409,1225,125,607,593,261
Residential,1,MONTGOMERY,NORTHWEST,4515,2013,1027,987,539,10,132,111,2216,2291,317,1003,786,530
Residential,1,TEMPLE,NORTHEAST,10977,3733,2460,2304,609,1,117,424,5597,5357,702,1616,1727,1303
Residual Sub Area,4,01F,NORTHWEST,0,0,0,0,0,0,0,0,0,0,0,0,0,0
Residential,1,WOODBINE,SOUTH,8866,3372,2959,2930,82,0,0,342,4471,4373,466,969,1133,1214
Residential,1,UNIVERSITY HEIGHTS,NORTHWEST,2921,1378,378,429,43,0,874,12,1488,1427,547,691,350,248
Residential,1,BANKVIEW,CENTRE,5256,3531,826,483,115,50,2443,244,2686,2553,396,1868,1172,604
Residential,1,ALBERT PARK/RADISSON HEIGHTS,EAST,6997,3010,819,909,474,27,794,346,3627,3360,418,1434,1220,885
Residual Sub Area,4,13B,SOUTH,0,0,0,0,0,0,0,0,0,0,0,0,0,0
Industrial,2,GREAT PLAINS,EAST,0,0,0,0,0,0,0,0,0,0,0,0,0,0
Residual Sub Area,4,13D,SOUTH,0,0,0,0,0,0,0,0,0,0,0,0,0,0
Residential,1,KELVIN GROVE,SOUTH,2305,903,426,354,16,0,505,26,1037,1265,98,230,353,225
Industrial,2,STONEY 2,NORTHEAST,0,7,0,0,0,0,0,0,0,0,0,0,0,0
Residential,1,WEST SPRINGS,WEST,10758,3856,2960,2605,186,34,395,634,5274,5444,411,905,2057,2034
Residential,1,BAYVIEW,SOUTH,751,248,236,212,0,0,0,36,359,392,45,40,99,95
Residential,1,SHAGANAPPI,CENTRE,1626,855,338,367,127,8,228,38,817,800,135,450,288,185
Residential,1,WILDWOOD,WEST,2709,1111,881,1026,18,0,48,0,1318,1376,117,236,464,372
Residential,1,ELBOYA,CENTRE,1754,771,383,471,11,0,249,20,893,859,92,204,303,253
Residential,1,BRIDLEWOOD,SOUTH,12641,4218,3192,2864,305,3,792,205,6209,6399,627,1621,2533,1953
Residential,1,LAKE BONAVISTA,SOUTH,10293,4108,3516,3272,0,0,829,1,5130,5138,472,747,1386,1336
Residential,1,SUNALTA,CENTRE,3239,2165,451,238,13,4,1684,88,1692,1532,127,1066,1058,456
Residential,1,BOWNESS,NORTHWEST,11150,5398,2523,2370,903,77,670,905,5547,5566,613,1964,1794,1413
Residential,1,GARRISON WOODS,CENTRE,3116,1427,1025,426,212,0,469,304,1386,1716,84,344,443,533
Residential,1,ASPEN WOODS,WEST,9446,3068,2455,2202,13,1,341,507,4650,4767,388,965,1875,1644
Residential,1,RICHMOND,CENTRE,4962,2503,1406,1035,642,47,462,155,2525,2409,220,934,1099,677
Residential,1,RED CARPET,EAST,1594,908,616,0,0,0,400,0,826,763,58,210,203,271
Residential,1,SOMERSET,SOUTH,8543,3161,2306,2176,0,0,784,169,4214,4299,508,907,1562,1410
Residential,1,PENBROOKE MEADOWS,EAST,8554,3281,1794,1612,381,0,169,681,4486,4042,460,1192,1504,1154
Industrial,2,ROYAL VISTA,NORTHWEST,0,1,0,1,0,0,0,0,0,0,0,0,0,0
Residential,1,BANFF TRAIL,CENTRE,4153,1949,649,997,286,11,120,14,2255,1845,768,1090,560,383
Residential,1,THORNCLIFFE,NORTH,8788,3831,2016,2049,373,1,332,815,4436,4326,401,1339,1425,1142
Industrial,2,WESTWINDS,NORTHEAST,0,0,0,0,0,0,0,0,0,0,0,0,0,0
Industrial,2,DEERFOOT BUSINESS CENTRE,NORTHEAST,0,0,0,0,0,0,0,0,0,0,0,0,0,0
Residential,1,COUGAR RIDGE,WEST,6997,2215,1929,1915,92,0,0,206,3473,3506,281,732,1412,1248
Residential,1,WHITEHORN,NORTHEAST,12019,3937,2501,2535,662,1,61,117,6216,5769,797,1765,1924,1459
Residential,1,WOODLANDS,SOUTH,6002,2411,1666,1531,149,0,163,551,2943,3044,294,734,736,744
Residential,1,MCKENZIE TOWNE,SOUTHEAST,18283,7166,5355,3662,640,0,1496,1248,8995,9200,759,3050,3753,2473
Residential,1,POINT MCKAY,CENTRE,1343,846,605,0,24,0,312,510,617,723,42,231,178,148
Residential,1,MARLBOROUGH PARK,NORTHEAST,8523,3143,2034,2056,75,0,59,630,4387,4113,512,1107,1424,1153
Residential,1,SHAWNESSY,SOUTH,9368,3323,2506,2681,56,0,257,264,4686,4648,644,1086,1567,1333
Residual Sub Area,4,10D,NORTHEAST,0,0,0,0,0,0,0,0,0,0,0,0,0,0
Residual Sub Area,4,12K,SOUTHEAST,0,0,0,0,0,0,0,0,0,0,0,0,0,0
Residential,1,AUBURN BAY,SOUTHEAST,17607,6046,4342,3790,611,1,887,743,8722,8831,593,3232,4109,1905
Residential,1,BELMONT,SOUTH,86,229,28,114,0,0,0,115,29,24,0,29,18,0
Residual Sub Area,4,09O,EAST,0,0,0,0,0,0,0,0,0,0,0,0,0,0
Industrial,2,EAST FAIRVIEW INDUSTRIAL,SOUTH,0,2,0,0,0,0,0,0,0,0,0,0,0,0
Residential,1,INGLEWOOD,CENTRE,4024,2387,1154,840,140,4,912,331,1984,2010,143,915,801,569
Residual Sub Area,4,09Q,EAST,0,0,0,0,0,0,0,0,0,0,0,0,0,0
Residential,1,ABBEYDALE,NORTHEAST,5957,2069,1356,1418,290,0,0,230,3056,2895,333,835,1004,792
Residual Sub Area,4,09K,EAST,0,0,0,0,0,0,0,0,0,0,0,0,0,0
Residential,1,UNIVERSITY OF CALGARY,NORTHWEST,2367,9,0,0,0,0,0,0,1131,1232,1343,742,278,0
Residential,1,DIAMOND COVE,SOUTH,690,271,256,271,0,0,0,0,357,333,23,34,78,101
Residential,1,EDGEMONT,NORTHWEST,15395,5437,4501,4403,258,0,291,453,7548,7652,960,1300,1786,2232
Major Park,3,NOSE HILL PARK,NORTHWEST,0,0,0,0,0,0,0,0,0,0,0,0,0,0
Residential,1,ARBOUR LAKE,NORTHWEST,10619,3937,3193,2682,174,0,683,61,5168,5422,715,1012,1288,1748
Residential,1,MIDNAPORE,SOUTH,7270,2898,1778,1341,445,0,664,419,3459,3796,321,891,938,766
Residential,1,PALLISER,SOUTH,3672,1840,1014,468,184,156,710,319,1702,1961,183,398,529,415
Residential,1,COLLINGWOOD,NORTHWEST,2249,988,692,733,96,0,122,5,1121,1122,147,256,322,290
Residential,1,SPRUCE CLIFF,WEST,4673,2431,841,317,127,0,1765,141,2187,2480,254,883,737,559
Industrial,2,MCCALL,NORTHEAST,0,0,0,0,0,0,0,0,0,0,0,0,0,0
Residential,1,TARADALE,NORTHEAST,19026,5272,3135,3310,212,0,390,438,9914,9088,1395,3117,3530,2278
Industrial,2,GOLDEN TRIANGLE,EAST,0,1,0,0,0,0,0,0,0,0,0,0,0,0
Residential,1,BRIDGELAND/RIVERSIDE,CENTRE,6835,3988,1364,869,118,45,2490,226,3273,3549,276,1741,1216,687
Industrial,2,BURNS INDUSTRIAL,CENTRE,0,2,0,0,0,0,0,0,0,0,0,0,0,0
Residential,1,KILLARNEY/GLENGARRY,CENTRE,7685,3927,1952,1315,867,70,543,740,3803,3857,379,1808,1615,938
Residential,1,HAWKWOOD,NORTHWEST,9248,3334,2962,3067,0,0,138,119,4596,4632,609,881,1058,1319
Industrial,2,HIGHFIELD,CENTRE,0,0,0,0,0,0,0,0,0,0,0,0,0,0
Residential,1,GREENWOOD/GREENBRIAR,NORTHWEST,896,521,417,0,0,0,0,27,445,447,34,78,97,126
Residential,1,CRESCENT HEIGHTS,CENTRE,6620,3882,1225,1119,103,25,2208,267,3312,3282,384,1942,1299,716
Residential,1,ROCKY RIDGE,NORTHWEST,8398,3181,2442,1872,247,0,490,568,4072,4312,433,961,1341,1371
Residential,1,HUNTINGTON HILLS,NORTH,13420,5634,3077,2953,556,9,527,1203,6629,6743,724,1930,1969,1802
Residential,1,SHERWOOD,NORTH,6246,2079,1356,1349,1,0,480,221,3086,3147,445,1037,1149,911
Residential,1,REDSTONE,NORTHEAST,5848,1828,1373,1040,274,2,0,486,2941,2883,272,1098,1268,543
Residential,1,FALCONRIDGE,NORTHEAST,10653,3565,1813,1862,544,1,212,597,5493,5147,694,1779,1814,1250
Residual Sub Area,4,13F,SOUTH,0,0,0,0,0,0,0,0,0,0,0,0,0,0
Residential,1,SUNNYSIDE,CENTRE,4230,2626,780,493,44,17,1810,188,2057,2140,388,1458,812,409
Residential,1,MAPLE RIDGE,SOUTH,1916,819,728,808,0,0,0,0,955,957,74,182,245,278
Industrial,2,MERIDIAN,NORTHEAST,0,0,0,0,0,0,0,0,0,0,0,0,0,0
Residential,1,ROSEMONT,CENTRE,1254,569,314,309,173,0,19,0,628,623,82,251,185,158
Residential,1,STRATHCONA PARK,WEST,6855,2446,2146,1943,224,0,0,273,3351,3491,395,604,910,980
Residential,1,SOUTHWOOD,SOUTH,6246,2673,1404,1377,291,32,334,521,3114,3113,425,1005,979,894
Residual Sub Area,4,01I,WEST,0,0,0,0,0,0,0,0,0,0,0,0,0,0
Residential,1,SKYVIEW RANCH,NORTHEAST,11707,4175,2636,1439,230,16,1965,464,5731,5737,622,2812,2451,1053
Residual Sub Area,4,12B,SOUTHEAST,0,0,0,0,0,0,0,0,0,0,0,0,0,0
Residential,1,BRITANNIA,CENTRE,690,313,226,256,0,0,57,0,340,345,43,49,55,103
Residential,1,NEW BRIGHTON,SOUTHEAST,13103,4320,3537,3264,144,0,204,693,6592,6491,511,2588,2997,1495
Residential,1,DOWNTOWN WEST END,CENTRE,2785,2061,561,3,0,0,2055,0,1452,1326,136,889,510,299
Residential,1,CASTLERIDGE,NORTHEAST,6127,1979,1201,1458,227,0,119,0,3117,2928,483,972,1101,726
Major Park,3,CANADA OLYMPIC PARK,WEST,0,0,0,0,0,0,0,0,0,0,0,0,0,0
Industrial,2,EAST SHEPARD INDUSTRIAL,SOUTHEAST,0,1,0,1,0,0,0,0,0,0,0,0,0,0
Residential,1,WEST HILLHURST,CENTRE,6447,3086,1631,1510,613,29,520,192,3188,3233,339,1028,1157,941
Residential,1,CITADEL,NORTHWEST,10077,3488,2925,2821,0,0,224,431,4970,5074,591,1182,1635,1769
Industrial,2,SADDLE RIDGE INDUSTRIAL,NORTHEAST,25,15,0,15,0,0,0,0,0,0,0,0,0,0
Residential,1,DOVER,EAST,10351,4866,2669,2080,790,0,1149,549,5354,4975,522,1469,1647,1364
Residential,1,SCARBORO,CENTRE,931,339,278,329,0,0,0,0,481,448,35,75,124,159
Residential,1,ROSSCARROCK,WEST,3625,1715,439,424,511,9,385,102,1775,1844,278,769,681,443
Residential,1,SADDLE RIDGE,NORTHEAST,22321,6266,4092,4035,334,2,720,410,11203,11078,1633,4040,4021,2485
Residential,1,ERIN WOODS,EAST,7049,2494,1692,1846,50,0,119,271,3576,3456,387,992,1177,1019
Residential,1,CEDARBRAE,SOUTH,6094,2624,1869,1337,592,0,163,492,2983,3089,280,845,956,764
Residential,1,CURRIE BARRACKS,WEST,1262,617,388,161,8,2,279,113,595,665,73,232,271,178
Industrial,2,GREENVIEW INDUSTRIAL PARK,CENTRE,225,5,0,3,0,0,0,0,75,128,0,13,12,0
Residential,1,WILLOW PARK,SOUTH,5328,2291,1712,1587,0,16,229,439,2660,2636,255,601,678,791
Residential,1,LAKEVIEW,WEST,5355,2342,1751,1688,81,0,332,230,2610,2734,292,414,684,749
Residential,1,SANDSTONE VALLEY,NORTH,5904,2133,1725,1678,44,0,0,385,2908,2972,328,644,749,779
Residential,1,EAU CLAIRE,CENTRE,2030,1355,677,1,0,2,1309,42,1017,1009,32,185,229,596
Residential,1,ELBOW PARK,CENTRE,3342,1195,1034,1182,2,0,0,0,1677,1651,173,156,423,535
Residential,1,VARSITY,NORTHWEST,12874,5888,3418,2601,169,1,2137,894,6289,6557,1214,1871,1527,1362
Industrial,2,OGDEN SHOPS,EAST,0,0,0,0,0,0,0,0,0,0,0,0,0,0
Residential,1,RAMSAY,CENTRE,2158,1135,552,751,94,3,54,50,1123,1021,70,468,464,316
Residential,1,RENFREW,CENTRE,6582,3479,1718,1436,286,8,898,491,3235,3338,278,1608,1446,867
Residential,1,DOWNTOWN EAST VILLAGE,CENTRE,3893,2699,589,0,0,1,2680,14,2301,1574,319,1219,692,367
Residual Sub Area,4,09H,EAST,0,0,0,0,0,0,0,0,0,0,0,0,0,0
Residential,1,MARLBOROUGH,NORTHEAST,9162,3312,1878,2252,126,0,378,205,4806,4335,532,1387,1543,1194
Residential,1,CRESTMONT,WEST,1690,673,493,615,42,0,0,16,848,838,59,140,365,325
Residential,1,ROSEDALE,CENTRE,1560,625,471,572,0,0,36,4,781,768,62,142,213,220
Residual Sub Area,4,02E,NORTHWEST,0,0,0,0,0,0,0,0,0,0,0,0,0,0
Residual Sub Area,4,06A,WEST,0,0,0,0,0,0,0,0,0,0,0,0,0,0
Residential,1,OAKRIDGE,SOUTH,5690,2298,1910,1706,144,1,35,407,2803,2881,250,548,682,805
Residential,1,SILVERADO,SOUTH,7655,2588,2012,1839,143,1,138,463,3792,3811,374,1245,1545,1108
Residential,1,VALLEY RIDGE,WEST,5585,1940,1742,1775,0,0,71,88,2756,2825,263,419,830,868
Residential,1,GLENBROOK,WEST,7442,3337,1596,891,750,2,762,720,3561,3864,457,1358,1262,894
Industrial,2,FOOTHILLS,EAST,317,1,0,0,0,0,0,0,262,12,40,44,56,46
Residential,1,NORTH HAVEN,NORTH,2359,1011,645,605,204,1,72,86,1173,1181,115,333,308,262
Industrial,2,GLENDEER BUSINESS PARK,SOUTH,0,0,0,0,0,0,0,0,0,0,0,0,0,0
Residual Sub Area,4,13C,SOUTH,0,0,0,0,0,0,0,0,0,0,0,0,0,0
Residential,1,WALDEN,SOUTH,6228,2421,1744,1254,380,0,317,450,2986,3208,247,1347,1222,724
Residential,1,HILLHURST,CENTRE,6558,3011,1371,991,303,107,1352,113,3231,3302,702,1556,1198,837
Residential,1,RANCHLANDS,NORTHWEST,7607,3076,1838,1467,273,0,285,957,3783,3815,464,1334,1348,858
Residential,1,TUSCANY,NORTHWEST,19884,6672,5748,5612,109,6,523,403,9775,10061,836,2099,3611,3555
Industrial,2,MANCHESTER INDUSTRIAL,CENTRE,0,3,0,0,0,0,0,0,0,0,0,0,0,0
Industrial,2,VALLEYFIELD,EAST,0,3,0,3,0,0,0,0,0,0,0,0,0,0
Residual Sub Area,4,09D,CENTRE,0,0,0,0,0,0,0,0,0,0,0,0,0,0
Residential,1,CANYON MEADOWS,SOUTH,7624,3213,2379,1958,152,0,333,711,3820,3786,433,1064,1159,1020
Residential,1,SIGNAL HILL,WEST,13395,5187,4588,3405,413,0,971,387,6337,7009,832,974,1453,1995
Industrial,2,FAIRVIEW INDUSTRIAL,SOUTH,0,1,0,0,0,0,0,0,0,0,0,0,0,0
Residential,1,DEER RUN,SOUTH,5065,2111,1641,1561,117,0,216,206,2557,2493,271,600,737,616
Residential,1,HAMPTONS,NORTHWEST,7382,2484,2256,2106,160,0,0,215,3636,3697,578,560,650,1260
Residential,1,COUNTRY HILLS,NORTH,3767,1435,1121,979,0,0,200,244,1842,1915,238,437,589,611
Residential,1,BRENTWOOD,NORTHWEST,7267,3332,1629,1979,0,83,912,260,3646,3605,1026,1191,1113,707
Residential,1,CHINOOK PARK,SOUTH,1662,588,464,490,0,0,96,0,805,850,101,121,207,219
Residential,1,ALTADORE,CENTRE,6942,3285,1928,1367,633,27,625,462,3394,3535,321,1158,1386,1085
Residential,1,OGDEN,SOUTHEAST,8576,3875,2120,2142,515,2,327,549,4591,3965,430,1385,1375,1119
Residential,1,FAIRVIEW,SOUTH,3646,1613,1019,1253,0,0,313,0,1828,1814,205,582,613,477
Residential,1,COPPERFIELD,SOUTHEAST,13823,5012,3966,3050,50,0,969,921,6963,6828,605,3008,3116,1494
Residential,1,ST. ANDREWS HEIGHTS,CENTRE,1795,648,328,406,0,0,108,132,860,933,136,227,216,166
Residential,1,UPPER MOUNT ROYAL,CENTRE,2478,1070,668,794,10,0,235,13,1267,1202,154,299,352,341
Residential,1,GARRISON GREEN,WEST,2060,730,468,262,72,0,252,141,927,1130,72,318,401,225
Residential,1,QUEENS PARK VILLAGE,CENTRE,455,188,0,0,0,0,0,188,218,227,54,119,67,41
Residential,1,MOUNT PLEASANT,CENTRE,5889,2831,1556,1425,739,25,211,114,3022,2839,282,980,1285,838
Residential,1,PARKLAND,SOUTH,3660,1448,1349,1353,10,0,70,14,1819,1830,160,194,433,540
Residential,1,PARKDALE,CENTRE,2566,1098,601,471,221,22,198,79,1278,1279,114,450,422,273
Residential,1,LINCOLN PARK,WEST,2617,1094,324,0,6,0,816,269,1167,1448,557,307,337,201
Residential,1,SHAWNEE SLOPES,SOUTH,1911,848,619,471,96,0,187,93,884,1022,84,175,207,207
Residential,1,NORTH GLENMORE PARK,WEST,2391,1022,735,797,125,3,46,5,1205,1171,124,289,357,318
Industrial,2,EASTFIELD,EAST,0,0,0,0,0,0,0,0,0,0,0,0,0,0
Residential,1,YORKVILLE,SOUTH,14,118,0,62,20,0,0,36,0,0,0,0,0,0
Residential,1,PINERIDGE,NORTHEAST,10022,3912,2221,1732,596,0,773,631,5024,4973,574,1382,1530,1211
Residential,1,MISSION,CENTRE,4598,3479,881,73,2,0,3297,49,2202,2273,281,1829,900,430
Residential,1,ACADIA,SOUTH,10520,5046,2577,2282,132,1,2026,384,5310,5171,509,1659,1706,1339
Residential,1,GREENVIEW,CENTRE,1906,1120,386,206,30,0,512,309,970,926,103,385,422,233
Residual Sub Area,4,13M,SOUTH,0,0,0,0,0,0,0,0,0,0,0,0,0,0
Residential,1,PINE CREEK,SOUTH,14,35,0,22,13,0,0,0,0,0,0,0,0,0
Industrial,2,MAYLAND,NORTHEAST,0,2,0,0,0,1,0,0,0,0,0,0,0,0
Residual Sub Area,4,13L,SOUTH,0,0,0,0,0,0,0,0,0,0,0,0,0,0
Residential,1,CHAPARRAL,SOUTH,12654,4179,3674,3290,311,0,193,382,6284,6342,720,1161,2071,2342
Residential,1,WINSTON HEIGHTS/MOUNTVIEW,CENTRE,3635,1803,877,831,383,6,127,202,1851,1748,130,659,717,491
Residential,1,WOLF WILLOW,SOUTH,0,21,0,13,5,0,0,3,0,0,0,0,0,0
Residual Sub Area,4,12I,SOUTHEAST,0,0,0,0,0,0,0,0,0,0,0,0,0,0
Residential,1,KINCORA,NORTH,6889,2508,1775,1486,82,0,743,184,3459,3419,337,1099,1279,1005
Residential,1,BELTLINE,CENTRE,25129,18308,3880,71,7,8,17771,341,13040,11302,1949,11015,5342,2237
Residual Sub Area,4,12A,SOUTHEAST,0,0,0,0,0,0,0,0,0,0,0,0,0,0
Residential,1,MACEWAN GLEN,NORTH,4754,1786,1511,1515,66,0,0,185,2341,2403,276,493,604,689
Residual Sub Area,4,01B,NORTHWEST,0,0,0,0,0,0,0,0,0,0,0,0,0,0
Industrial,2,SHEPARD INDUSTRIAL,SOUTHEAST,255,150,126,0,0,0,0,0,126,103,7,21,26,34
Residential,1,PARKHILL,CENTRE,1691,936,480,363,175,0,300,39,846,841,110,389,262,248
Residential,1,CAMBRIAN HEIGHTS,CENTRE,2036,939,531,611,138,37,16,56,1024,1008,141,304,266,292
Residential,1,FOREST HEIGHTS,EAST,6496,2275,1232,927,473,0,30,578,3384,3089,397,864,1149,890
Residential,1,CITYSCAPE,NORTHEAST,3104,970,706,695,14,0,1,260,1551,1548,170,617,653,316
Residential,1,EAGLE RIDGE,SOUTH,302,110,100,98,0,0,10,0,156,138,12,14,21,45
Residential,1,SOUTHVIEW,EAST,1805,837,397,584,26,44,15,52,969,831,86,224,270,273
Residential,1,COUNTRY HILLS VILLAGE,NORTH,2597,1352,826,0,0,0,961,389,1175,1414,100,406,374,279
Industrial,2,STONEY 1,NORTH,0,3,0,3,0,0,0,0,0,0,0,0,0,0
Residential,1,MCKENZIE LAKE,SOUTHEAST,13406,4661,4117,4234,24,0,0,379,6735,6628,905,1314,1767,2299
Residual Sub Area,4,13H,SOUTH,0,0,0,0,0,0,0,0,0,0,0,0,0,0
Residential,1,CHRISTIE PARK,WEST,2128,727,653,475,94,0,0,156,1006,1115,125,143,198,249
Industrial,2,FOREST LAWN INDUSTRIAL,EAST,123,62,47,0,0,0,0,0,79,20,7,9,20,16
Residential,1,MAYLAND HEIGHTS,NORTHEAST,5961,2783,1325,1292,328,21,622,284,2992,2960,360,1039,943,736
Residential,1,MILLRISE,SOUTH,6900,2649,1977,1703,107,0,533,272,3303,3584,367,878,1021,1027
Residential,1,SCARBORO/ SUNALTA WEST,CENTRE,401,167,131,163,0,0,0,0,204,189,7,30,62,77
Residual Sub Area,4,02L,NORTH,0,0,0,0,0,0,0,0,0,0,0,0,0,0
Residential,1,LIVINGSTON,NORTH,1477,838,474,564,102,0,59,109,719,687,81,449,291,117
Residential,1,QUEENSLAND,SOUTH,4743,1905,1433,1174,216,0,60,391,2401,2323,231,763,735,614
Industrial,2,STARFIELD,EAST,0,2,0,2,0,0,0,0,0,0,0,0,0,0
Residential,1,DALHOUSIE,NORTHWEST,8940,3742,2202,1931,308,0,861,570,4427,4453,684,1342,1307,987
Residential,1,LOWER MOUNT ROYAL,CENTRE,3457,2430,536,52,22,6,2220,102,1780,1669,247,1359,758,362
Residential,1,ROXBORO,CENTRE,422,154,142,154,0,0,0,0,226,196,20,20,56,61
Residual Sub Area,4,02K,NORTH,0,0,0,0,0,0,0,0,0,0,0,0,0,0
Residential,1,UNIVERSITY DISTRICT,NORTHWEST,705,329,30,0,0,1,16,312,359,336,10,143,187,35
Residential,1,RUTLAND PARK,WEST,2263,978,341,310,45,0,95,491,1091,1168,114,247,351,298
Industrial,2,HORIZON,NORTHEAST,0,6,0,0,0,0,0,0,0,0,0,0,0,0
Industrial,2,CALGARY INTERNATIONAL AIRPORT,NORTHEAST,0,3,0,0,0,0,0,0,0,0,0,0,0,0
Residual Sub Area,4,01K,NORTHWEST,0,0,0,0,0,0,0,0,0,0,0,0,0,0
Residential,1,HASKAYNE,NORTHWEST,0,2,0,1,0,0,0,0,0,0,0,0,0,0
Residential,1,CRANSTON,SOUTHEAST,19884,7141,5933,5332,376,0,678,739,9874,9970,750,2908,3953,2748
Residential,1,SETON,SOUTHEAST,1134,973,137,148,73,2,614,128,480,648,72,218,127,62
Residual Sub Area,4,13J,SOUTH,0,0,0,0,0,0,0,0,0,0,0,0,0,0
Residential,1,MAHOGANY,SOUTHEAST,11784,4507,3465,2901,400,0,913,268,5827,5926,344,2384,2778,1114
Residential,1,RANGEVIEW,SOUTHEAST,0,0,0,0,0,0,0,0,0,0,0,0,0,0
Residential,1,SUNDANCE,SOUTH,9736,3424,2959,3067,74,0,100,152,4834,4885,651,847,1191,1376
Major Park,3,FISH CREEK PARK,SOUTH,0,0,0,0,0,0,0,0,0,0,0,0,0,0
Residential,1,NORTH HAVEN UPPER,NORTH,599,246,225,245,0,0,0,0,309,286,27,65,67,74
Residential,1,COACH HILL,WEST,3244,1482,1163,634,101,1,237,508,1512,1711,131,366,555,418
Residential,1,WINDSOR PARK,CENTRE,4584,2466,887,328,360,60,1528,92,2235,2337,246,1046,890,586
Residential,1,SCENIC ACRES,NORTHWEST,8067,2928,2708,2666,162,0,0,75,3974,4067,548,677,881,1105
Residential,1,RUNDLE,NORTHEAST,11688,3834,2171,2218,174,0,0,1111,5975,5696,863,1726,1888,1370
Industrial,2,SOUTH AIRWAYS,NORTHEAST,0,1,0,0,0,0,0,0,0,0,0,0,0,0
Industrial,2,PEGASUS,NORTHEAST,0,1,0,0,0,0,0,0,0,0,0,0,0,0
Residential,1,DOUGLASDALE/GLEN,SOUTHEAST,12881,4945,4167,3938,144,0,550,306,6459,6388,757,1424,1798,2054
Residential,1,MEADOWLARK PARK,CENTRE,644,287,217,280,0,0,0,0,323,315,12,84,109,111
Industrial,2,SKYLINE WEST,NORTH,0,0,0,0,0,0,0,0,0,0,0,0,0,0
Residual Sub Area,4,13A,SOUTH,0,0,0,0,0,0,0,0,0,0,0,0,0,0
Residual Sub Area,4,09P,EAST,0,0,0,0,0,0,0,0,0,0,0,0,0,0
Residual Sub Area,4,06C,WEST,0,0,0,0,0,0,0,0,0,0,0,0,0,0
Residential,1,CHINATOWN,CENTRE,2471,1989,378,0,0,0,1967,7,1205,1250,96,524,571,246
Residual Sub Area,4,05F,NORTHEAST,0,0,0,0,0,0,0,0,0,0,0,0,0,0
Residential,1,WESTGATE,WEST,3202,1343,874,918,50,0,141,187,1547,1648,156,472,520,378
Residential,1,GLENDALE,WEST,2765,1128,819,959,0,5,108,24,1365,1397,148,379,399,339
Residual Sub Area,4,06B,WEST,0,0,0,0,0,0,0,0,0,0,0,0,0,0
Residential,1,KINGSLAND,SOUTH,4688,2422,707,654,199,5,1288,184,2389,2292,264,903,946,560
Residential,1,SILVER SPRINGS,NORTHWEST,8679,3563,2791,2547,209,0,241,546,4280,4378,456,863,1185,1118
Residential,1,HOTCHKISS,SOUTHEAST,0,1,0,1,0,0,0,0,0,0,0,0,0,0
Residential,1,HOMESTEAD,NORTHEAST,0,0,0,0,0,0,0,0,0,0,0,0,0,0
Residual Sub Area,4,05G,NORTHEAST,0,0,0,0,0,0,0,0,0,0,0,0,0,0
Residual Sub Area,4,02C,NORTH,0,0,0,0,0,0,0,0,0,0,0,0,0,0
Residual Sub Area,4,03W,NORTH,0,0,0,0,0,0,0,0,0,0,0,0,0,0
Residual Sub Area,4,02B,NORTH,0,0,0,0,0,0,0,0,0,0,0,0,0,0
Residential,1,PATTERSON,WEST,4202,2034,1412,573,168,0,669,624,1978,2216,178,464,653,546
Residential,1,SAGE HILL,NORTH,7924,3172,2321,1614,99,97,625,733,3802,4092,325,1816,1650,807
Residential,1,NOLAN HILL,NORTH,7505,2468,2145,1784,1,0,0,677,3728,3750,316,1555,1550,921
Residential,1,EVANSTON,NORTH,17685,5686,4631,4302,363,0,68,922,8747,8841,639,3242,3919,1949
Residual Sub Area,4,13I,SOUTH,0,0,0,0,0,0,0,0,0,0,0,0,0,0
Residential,1,CARRINGTON,NORTH,572,452,151,264,141,0,0,47,282,275,30,124,127,55
Residual Sub Area,4,12C,SOUTHEAST,0,0,0,0,0,0,0,0,0,0,0,0,0,0
Residual Sub Area,4,12L,SOUTHEAST,0,0,0,0,0,0,0,0,0,0,0,0,0,0
Industrial,2,SECTION 23,SOUTHEAST,0,1,0,1,0,0,0,0,0,0,0,0,0,0
Residential,1,FOREST LAWN,EAST,7814,3425,923,1375,342,16,228,767,4244,3559,437,1161,1384,1147
Residential,1,DEER RIDGE,SOUTH,3973,1510,1064,857,139,0,0,494,1901,2059,199,545,651,509
Residential,1,MEDICINE HILL,WEST,0,0,0,0,0,0,0,0,0,0,0,0,0,0
Residential,1,HAYSBORO,SOUTH,7080,3655,1834,1817,0,0,1774,9,3499,3558,367,1296,1224,901
Residential,1,ERLTON,CENTRE,1270,733,433,126,51,2,399,110,650,617,35,334,225,189
Residential,1,HARVEST HILLS,NORTH,7420,2705,2106,2118,129,0,168,252,3699,3688,570,800,996,1335
Industrial,2,ALYTH/BONNYBROOK,CENTRE,0,11,0,9,0,0,0,0,0,0,0,0,0,0
Residential,1,BONAVISTA DOWNS,SOUTH,928,378,292,368,0,0,0,0,488,437,35,127,184,122
Residential,1,MARTINDALE,NORTHEAST,14245,4270,2679,3553,52,0,0,166,7479,6721,1011,2189,2798,1985
Residential,1,VISTA HEIGHTS,NORTHEAST,2370,851,382,380,20,0,41,371,1185,1183,114,329,382,277
Industrial,2,SOUTH FOOTHILLS,SOUTHEAST,0,0,0,0,0,0,0,0,0,0,0,0,0,0
Residential,1,DOWNTOWN COMMERCIAL CORE,CENTRE,8683,5679,342,1,0,1,5645,20,4387,4160,894,3179,1504,693
Industrial,2,STONEY 3,NORTHEAST,0,0,0,0,0,0,0,0,0,0,0,0,0,0
Residential,1,BRAESIDE,SOUTH,5805,2562,1815,1402,76,0,161,905,2842,2943,288,791,991,721
Residential,1,MANCHESTER,CENTRE,1025,659,29,28,4,0,615,4,605,420,97,293,196,121
Residual Sub Area,4,13E,SOUTH,0,0,0,0,0,0,0,0,0,0,0,0,0,0
Residential,1,HIGHWOOD,CENTRE,2258,1013,552,747,79,2,19,16,1118,1125,129,347,372,286
Residual Sub Area,4,02F,NORTHWEST,0,0,0,0,0,0,0,0,0,0,0,0,0,0
Residential,1,DISCOVERY RIDGE,WEST,4280,1669,1374,940,99,0,568,62,2100,2173,253,242,460,935
Residential,1,HOUNSFIELD HEIGHTS/BRIAR HILL,CENTRE,2798,1108,742,680,0,0,369,33,1329,1462,145,271,328,332
Residential,1,GLAMORGAN,WEST,6522,3134,1664,1137,73,43,1039,818,3175,3319,430,1060,1035,788
Residual Sub Area,4,05E,NORTHEAST,0,0,0,0,0,0,0,0,0,0,0,0,0,0
Residual Sub Area,4,05D,NORTHEAST,0,0,0,0,0,0,0,0,0,0,0,0,0,0
Residual Sub Area,4,10E,NORTHEAST,0,0,0,0,0,0,0,0,0,0,0,0,0,0
Residual Sub Area,4,01C,WEST,0,0,0,0,0,0,0,0,0,0,0,0,0,0
Residential,1,APPLEWOOD PARK,EAST,6981,2415,1298,1371,20,1,804,132,3540,3419,545,893,1152,991
Residential,1,BELVEDERE,EAST,41,15,0,15,0,0,0,0,0,0,0,0,0,0
Residual Sub Area,4,12J,SOUTHEAST,0,0,0,0,0,0,0,0,0,0,0,0,0,0
Residential,1,KEYSTONE HILLS,NORTH,0,0,0,0,0,0,0,0,0,0,0,0,0,0
Residential,1,COVENTRY HILLS,NORTH,17667,5595,4414,5098,185,0,0,224,8870,8664,992,2570,3432,2748
Industrial,2,STONEY 4,NORTHEAST,0,4,0,2,0,0,0,0,0,0,0,0,0,0
Residual Sub Area,4,03D,NORTH,0,0,0,0,0,0,0,0,0,0,0,0,0,0
Residential,1,SOUTH CALGARY,CENTRE,4442,2568,1048,583,321,114,1061,377,2204,2231,272,1216,952,533
Major Park,3,GLENMORE PARK,SOUTH,0,3,0,3,0,0,0,0,0,0,0,0,0,0
Residential,1,BEDDINGTON HEIGHTS,NORTH,11514,4405,2961,2599,923,7,37,639,5730,5748,694,1723,1799,1438
Residential,1,MAYFAIR,CENTRE,432,156,141,156,0,0,0,0,219,213,21,24,40,68
Residential,1,CLIFF BUNGALOW,CENTRE,1895,1349,273,162,18,9,946,73,929,942,166,758,390,164
Residual Sub Area,4,13G,SOUTH,0,0,0,0,0,0,0,0,0,0,0,0,0,0
Residential,1,PUMP HILL,SOUTH,1640,562,400,383,50,0,61,66,747,891,55,85,117,185
Residential,1,TUXEDO PARK,CENTRE,5326,2782,1081,1033,501,35,640,264,2667,2641,284,1211,1093,674
Residential,1,CHARLESWOOD,NORTHWEST,3569,1489,1089,1297,34,0,119,0,1862,1694,271,414,520,448
Industrial,2,NORTH AIRWAYS,NORTHEAST,0,3,0,0,0,0,0,0,0,0,0,0,0,0
Industrial,2,SKYLINE EAST,NORTHEAST,0,0,0,0,0,0,0,0,0,0,0,0,0,0
Residential,1,CORAL SPRINGS,NORTHEAST,5801,1592,1300,1438,1,0,0,36,2959,2831,420,807,795,761
Residential,1,MONTEREY PARK,NORTHEAST,10372,3197,2484,2467,24,0,156,138,5177,5174,750,1206,1448,1398
Industrial,2,AURORA BUSINESS PARK,NORTH,0,0,0,0,0,0,0,0,0,0,0,0,0,0
Residential,1,PANORAMA HILLS,NORTH,25710,8199,6094,5419,612,95,1169,804,12722,12758,1511,3021,5027,4024
Residential,1,ROYAL OAK,NORTHWEST,11706,4082,3325,2897,118,0,609,450,5698,5990,614,1329,2044,1988
Residential,1,BEL-AIRE,CENTRE,390,159,134,159,0,0,0,0,184,197,17,18,29,62
Industrial,2,SUNRIDGE,NORTHEAST,11,8,0,0,0,0,0,0,0,0,0,0,0,0
Industrial,2,STONEGATE LANDING,NORTHEAST,0,0,0,0,0,0,0,0,0,0,0,0,0,0
Residential,1,CAPITOL HILL,CENTRE,4744,2440,836,878,588,18,534,56,2492,2233,460,1061,813,528
Residential,1,EVERGREEN,SOUTH,21500,7256,5824,5332,337,4,918,641,10530,10909,1177,2321,3646,3472
Residential,1,SPRINGBANK HILL,WEST,9943,3372,2828,2604,192,0,513,58,4937,4985,529,854,1500,1961
Residual Sub Area,4,01H,WEST,0,0,0,0,0,0,0,0,0,0,0,0,0,0
Residential,1,HIDDEN VALLEY,NORTH,11566,3880,3357,3441,132,0,0,274,5846,5678,768,1221,1633,2189
Residential,1,RIVERBEND,SOUTHEAST,9244,3474,3069,3240,47,0,0,150,4657,4576,595,1153,1273,1407
Residential,1,RIDEAU PARK,CENTRE,594,342,228,131,0,0,188,23,288,305,19,53,67,79
Industrial,2,FRANKLIN,NORTHEAST,0,3,0,0,0,0,0,0,0,0,0,0,0,0
